<?xml version="1.0" encoding="UTF-8" standalone="no"?>
<!-- Generated 11-dic-2019 13:52:44 by Hibernate Tools 5.2.12.Final --><!DOCTYPE hibernate-mapping PUBLIC "-//Hibernate/Hibernate Mapping DTD 3.0//EN" "http://www.hibernate.org/dtd/hibernate-mapping-3.0.dtd">
<hibernate-mapping auto-import="true" default-access="property" default-cascade="none" default-lazy="true">
    <class catalog="espotify" dynamic-insert="false" dynamic-update="false" mutable="true" name="es.potify.modelo.Playlist" optimistic-lock="version" polymorphism="implicit" select-before-update="false" table="playlist">
        <id name="id" type="java.lang.Integer">
            <column name="id"/>
            <generator class="identity"/>
        </id>
        <property generated="never" lazy="false" name="nombre" optimistic-lock="true" type="string" unique="false">
            <column length="50" name="nombre" not-null="true"/>
        </property>
        <property generated="never" lazy="false" name="likes" optimistic-lock="true" type="java.lang.Integer" unique="false">
            <column name="likes"/>
        </property>
        <set embed-xml="true" fetch="select" inverse="false" lazy="true" mutable="true" name="cancions" optimistic-lock="true" sort="unsorted" table="playlist_cancion">
            <key on-delete="noaction">
                <column name="playlist_id" not-null="true"/>
            </key>
            <many-to-many embed-xml="true" entity-name="es.potify.modelo.Cancion" not-found="exception" unique="false">
                <column name="cancion_id" not-null="true"/>
            </many-to-many>
        </set>
    </class>
</hibernate-mapping>
